Species,eBird,class,1971,1972,1973,1974,1975,1976,1977,1978,1979,1980,1981,1982,1983,1984,1985,1986,1987,1988,1989,1990,1991,1992,1993,1994,1995,1996,1997,1998,1999,2000,2001,2002,2003,2004,2005,2006,2007,2008,2009,2010,2011,2012,2013,2014,2015,2016,2017,2018,2019,2020,2021,2022,2023,2024,2025
Greater White-fronted Goose,,,0,0,0,0,21,0,0,0,0,471,0,200,26,2,27,0,91,0,1,0,35,32,0,16,0,0,1,0,0,37,47,208,6,6,47,0,0,0,60,43,130,0,1,800,128,0,2,46,2,110,693,0,35,0,33
Snow Goose (white form),Snow Goose,morph,1,2,0,0,0,0,0,0,0,537,0,96,0,0,0,2,0,0,20,0,0,2,0,20,0,0,0,0,0,0,4,0,0,4,0,0,0,0,40,0,0,0,0,400,28,0,0,0,21,1,826,1,22,25,6
Snow Goose (blue form),,morph,0,0,0,0,0,0,0,0,0,0,0,0,0,0,0,0,0,0,0,0,6,0,0,0,0,0,0,0,0,0,0,0,0,0,0,0,0,0,0,0,1,0,0,0,0,0,1,0,0,0,0,0,0,0,0
Ross's Goose,,,0,0,0,0,0,0,0,0,0,0,0,0,0,0,0,0,0,0,0,0,0,0,0,0,0,0,0,0,0,0,0,0,0,0,0,0,0,0,1,0,0,0,0,0,0,0,0,0,0,0,1,0,0,0,0
Cackling Goose,,,0,0,0,0,0,0,0,0,0,0,0,0,0,0,0,0,0,0,0,0,0,0,0,0,0,0,0,0,0,0,0,0,0,0,0,0,0,7,6,0,4,7,2,1,0,0,1,28,3,0,16,0,0,35,0
Canada Goose,,,22,16,29,71,0,10,84,7,8,57,41,371,4,30,16,100,17,0,23,79,88,128,41,163,1033,210,175,68,167,239,201,352,374,374,426,450,399,616,516,856,875,839,492,541,564,498,534,772,648,426,461,661,665,896,491
Canada Goose (moffitti/maxima),,,0,0,0,0,0,0,0,0,0,0,0,0,0,0,0,0,0,0,0,0,0,0,0,0,0,0,0,0,0,0,0,0,0,0,0,0,0,0,0,0,0,0,0,0,0,0,0,0,0,0,0,0,0,0,42
Tundra Swan,,,97,17,0,0,0,11,0,2,0,33,0,97,32,0,1,1,0,6,2,0,7,0,0,0,0,0,9,0,0,0,9,0,0,2,134,0,24,0,0,0,5,0,0,500,11,0,2,122,0,0,23,0,0,13,0
Wood Duck,,,2,5,0,35,52,43,47,30,14,2,7,16,43,33,48,14,12,22,22,7,33,49,45,36,10,56,66,52,76,9,17,42,39,12,21,95,60,72,132,112,46,61,78,79,101,66,25,78,58,108,66,122,73,70,97
Gadwall,,,6,1,0,71,72,134,44,26,16,2,0,1,5,9,4,12,15,4,2,52,80,6,21,61,20,3,8,2,6,15,2,3,15,4,9,1,2,0,14,1,7,0,0,2,0,0,5,2,0,4,0,0,8,0,10
Eurasian Wigeon,,,0,0,0,1,0,0,0,1,0,0,0,0,0,0,0,0,0,2,1,4,2,0,0,0,0,0,0,0,0,0,0,0,0,0,0,0,0,0,0,0,0,0,1,0,0,0,0,1,1,1,0,0,0,0,0
American Wigeon,,,5,4,1,158,327,1834,664,758,561,185,17,37,45,190,489,789,708,1495,1132,1350,1094,127,177,114,175,60,73,55,115,80,10,6,12,46,58,22,60,57,154,41,101,14,206,12,106,6,92,140,17,92,9,79,65,12,32
Mallard,,,14,6,0,45,19,38,39,52,54,84,100,54,16,295,142,155,167,181,60,168,154,83,122,159,261,219,177,194,139,170,157,168,175,167,190,158,189,221,216,236,190,202,155,162,208,139,196,154,113,140,63,213,189,308,218
Mallard (Domestic type),,,0,0,0,0,0,0,0,0,0,0,0,0,0,0,0,0,0,0,0,0,0,0,0,0,0,0,0,0,0,0,0,0,0,0,0,0,0,0,0,0,0,0,0,0,0,0,0,0,0,0,0,0,0,0,7
Blue-winged Teal,,,0,0,0,0,0,0,0,0,0,0,0,0,0,0,0,0,0,0,0,2,0,0,0,0,0,0,0,0,0,0,0,0,0,0,0,0,0,0,0,0,0,0,0,0,0,0,0,0,0,0,0,0,0,0,0
Cinnamon Teal,,,0,0,0,1,1,2,0,0,0,0,0,0,0,0,0,0,0,0,0,0,1,0,0,2,0,0,0,0,0,0,0,0,0,0,0,0,0,0,0,0,0,0,1,0,0,0,0,0,0,0,0,0,0,0,0
Northern Shoveler,,,0,6,0,0,0,3,2,2,5,2,0,0,2,1,1,4,1,2,1,3,2,1,3,16,0,1,1,0,0,1,0,0,0,10,189,0,6,2,5,0,28,6,5,0,0,0,2,4,0,2,10,14,0,7,30
Northern Pintail,,,1,37,360,10,129,23,79,119,44,1734,173,0,262,8,242,0,74,2,6,0,6,0,0,3,25,39,0,0,1,0,40,183,0,2,270,0,64,4,89,15,48,0,0,76,26,0,0,0,0,7,173,1,6,0,55
Green-winged Teal,,,0,14,0,5,6,3,2,18,3,9,0,22,8,0,1,1,17,0,12,27,9,5,5,33,20,0,0,0,1,0,4,0,1,3,1,0,20,1,2,2,2,0,9,21,0,0,1,26,0,16,319,8,1,4,3
Canvasback,,,0,1,1,2,0,123,113,0,0,5,0,0,100,0,17,48,63,72,0,0,12,10,0,18,0,6,3,0,3,0,0,1,0,0,24,0,0,0,0,0,0,0,0,0,8,0,5,1,0,0,13,5,0,1,5
Redhead,,,0,0,0,0,0,12,31,0,0,0,0,0,0,0,0,0,1,0,2,0,0,1,3,4,0,0,0,0,0,0,0,0,0,0,0,0,0,0,0,0,5,0,1,0,0,0,0,0,0,0,0,0,0,0,0
Ring-necked Duck,,,0,3,7,12,0,158,41,4,0,0,0,0,5,3,4,23,119,128,18,35,11,83,14,165,7,210,61,68,45,16,26,28,12,5,4,10,16,2,12,8,15,6,65,0,48,1,40,23,5,3,10,75,1,30,29
Greater Scaup,,,0,1,0,0,0,0,0,0,0,0,0,0,0,0,0,0,0,0,0,0,0,0,0,0,0,0,0,0,0,0,0,0,0,0,0,0,1,0,0,0,0,1,2,0,0,0,0,0,0,0,0,0,0,0,0
Lesser Scaup,,,0,13,0,0,1,0,14,0,0,3,1,4,0,0,0,6,6,21,0,2,1,2,8,0,3,0,4,3,0,0,1,1,0,3,0,0,6,0,4,0,0,5,9,7,25,1,1,3,0,16,25,9,1,3,5
Greater/Lesser Scaup,,slash,0,0,0,0,0,7,0,0,0,0,0,6,0,0,0,0,0,0,0,0,0,0,0,0,0,0,0,0,0,0,0,0,0,0,0,0,0,0,0,0,0,0,0,0,0,0,0,0,0,0,0,0,0,0,0
Surf Scoter,,,0,0,0,0,0,0,0,0,0,0,0,0,0,0,0,0,0,0,0,0,0,0,0,0,1,0,0,0,0,0,0,0,0,0,0,0,0,0,0,0,0,0,0,0,0,0,0,0,0,0,0,0,0,0,0
Long-tailed Duck,,,0,0,0,0,0,0,0,0,0,0,0,0,0,0,0,0,0,0,0,0,0,0,0,0,0,0,0,0,0,0,0,0,1,0,0,0,0,0,0,0,0,0,0,0,0,0,0,0,0,0,0,0,0,0,0
Bufflehead,,,0,3,1,0,1,35,19,10,22,16,0,1,0,8,15,3,1,17,191,80,47,89,61,245,156,193,197,144,289,378,411,396,379,347,774,728,820,769,611,441,416,540,257,597,844,1094,1215,1769,1305,1242,1139,1332,1208,1735,670
Common Goldeneye,,,6,25,22,46,37,60,32,7,2,2,0,0,0,20,18,8,30,12,61,53,22,54,39,60,31,61,106,75,120,168,270,152,118,262,274,298,332,207,206,196,142,166,113,231,260,176,158,192,158,210,253,232,228,163,278
Bufflehead x Common Goldeneye (hybrid),,hybrid,0,0,0,0,0,0,0,0,0,0,0,0,0,0,0,0,0,0,0,0,0,0,0,0,0,0,0,0,0,0,0,0,0,0,0,0,0,1,1,0,0,0,0,0,0,0,0,0,0,0,0,0,0,0,0
Barrow's Goldeneye,,,0,0,1,0,0,0,0,0,0,0,0,1,0,0,0,0,0,0,0,0,0,0,1,1,1,8,6,1,3,3,4,5,3,1,6,12,10,11,6,6,8,10,8,7,15,3,8,21,3,4,7,0,14,12,5
Hooded Merganser,,,0,0,0,0,0,0,5,0,0,0,0,2,2,2,6,0,8,37,22,112,61,65,68,21,8,18,43,26,52,61,30,4,41,81,35,101,67,78,98,77,115,93,96,137,85,91,56,42,72,88,77,84,74,57,20
Common Merganser,,,3,2,0,1,0,1,56,24,16,6,38,14,44,39,10,14,25,44,37,47,44,33,71,19,44,11,20,35,11,35,47,99,62,13,33,49,12,3,43,31,84,74,70,108,11,47,2,5,45,88,277,15,6,7,4
Red-breasted Merganser,,,0,0,0,0,0,0,0,0,0,0,0,0,0,0,1,0,0,0,0,0,0,0,0,0,0,0,0,0,0,0,0,0,0,0,0,0,0,0,0,0,0,0,0,0,0,0,0,0,0,0,0,0,0,0,0
Ruddy Duck,,,20,27,1,0,7,39,5,14,33,11,0,4,0,2,30,12,27,20,2,1,10,4,3,75,8,26,11,17,16,4,43,19,8,7,59,23,16,11,18,24,43,7,18,25,49,46,35,9,0,41,16,11,5,43,43
duck sp.,,sp,0,0,0,0,0,0,0,0,0,150,0,1,0,0,0,0,0,0,0,0,0,0,0,0,0,0,0,0,0,0,0,72,0,0,250,2,0,0,2,2,0,0,0,13,10,0,0,15,0,1,10,10,0,0,3
Mountain Quail,,,0,6,0,4,0,8,10,4,5,6,0,7,0,8,1,2,2,10,0,27,1,0,0,12,9,7,5,0,4,22,15,2,9,7,1,7,0,1,1,3,2,7,5,0,6,19,4,0,4,3,0,6,0,1,1
California Quail,,,99,364,44,190,460,297,291,435,663,369,181,180,580,224,336,286,383,225,375,386,281,233,283,312,143,293,255,314,359,219,353,322,689,444,356,570,332,702,322,607,426,407,307,377,317,342,604,587,374,412,383,663,961,998,786
new world quail sp.,,sp,0,0,0,0,0,0,0,0,0,0,0,0,0,0,0,0,6,0,0,0,15,0,0,0,6,0,0,10,0,0,0,0,0,0,0,0,0,0,0,0,0,0,0,0,0,0,0,0,0,0,0,0,0,0,0
Ring-necked Pheasant,,,22,12,1,3,13,13,9,10,4,22,3,19,47,32,12,5,7,14,9,12,4,4,5,42,17,26,3,6,4,2,2,1,2,8,16,4,0,3,5,2,8,5,6,0,2,0,3,1,3,2,0,0,0,0,0
Wild Turkey,,,0,0,0,0,0,0,0,0,0,0,0,0,0,0,0,0,0,0,0,0,0,0,43,8,17,79,64,0,258,188,174,349,326,294,923,471,508,447,320,1118,464,611,550,264,446,326,648,689,557,255,146,139,251,511,495
Red-throated Loon,,,0,0,0,0,0,0,0,0,0,0,1,0,0,0,0,0,1,0,0,0,0,0,0,0,0,0,0,0,0,0,0,0,0,0,0,0,0,0,0,0,0,0,0,0,0,0,0,0,0,0,0,0,0,0,0
Pacific Loon,,,0,0,0,0,0,0,0,0,0,0,0,0,0,0,0,0,0,0,0,0,0,0,0,0,0,0,1,0,0,0,1,0,0,0,0,0,0,0,0,0,0,0,4,0,0,0,0,0,0,0,0,0,0,0,0
Common Loon,,,0,2,2,3,9,1,5,2,1,2,0,1,0,0,0,0,0,1,1,0,1,0,1,0,1,0,1,0,2,0,1,0,0,0,0,0,0,0,0,0,0,2,0,2,1,0,0,1,3,2,0,0,0,1,2
loon sp.,,sp,0,0,0,0,0,0,0,0,0,0,0,0,1,0,0,0,0,0,0,0,0,0,0,0,0,0,0,0,0,0,0,0,0,0,0,0,0,0,0,0,0,0,0,0,0,0,0,0,0,0,0,0,0,0,0
Pied-billed Grebe,,,15,43,31,66,60,70,28,66,53,33,38,29,37,63,55,33,44,75,40,56,32,43,41,50,14,42,41,60,84,59,50,50,62,30,49,51,35,40,35,25,78,42,36,15,17,36,48,63,31,38,23,53,30,65,30
Horned Grebe,,,0,0,0,2,5,0,0,0,1,0,0,0,0,1,0,6,1,0,0,0,0,0,0,0,1,0,0,0,0,0,0,0,0,0,0,5,1,0,0,0,1,2,1,2,2,0,0,0,0,0,0,0,0,0,0
Red-necked Grebe,,,0,0,0,0,0,0,0,0,0,0,0,0,0,0,0,0,0,0,0,0,0,0,0,0,0,0,1,0,0,0,1,0,0,0,0,0,0,0,0,0,0,0,0,1,0,0,0,0,0,0,0,0,0,0,0
Eared Grebe,,,12,6,25,29,34,3,3,4,3,30,5,0,2,6,0,10,0,5,2,0,12,3,2,0,2,1,12,4,0,0,1,0,7,1,0,34,0,1,0,1,17,10,17,0,2,4,4,2,3,4,2,2,0,1,0
Western Grebe,,,0,0,0,0,0,0,0,0,0,0,0,0,0,0,0,0,55,183,8,52,201,72,146,0,223,20,109,33,33,30,117,40,63,31,4,29,86,23,53,50,343,156,1,19,1,0,35,122,1,16,8,3,0,24,0
Clark's Grebe,,,0,0,0,0,0,0,0,0,0,0,0,0,0,0,0,0,1,3,0,0,9,2,6,0,12,9,9,4,4,9,16,11,18,4,9,2,12,17,30,6,42,35,0,1,0,0,6,10,0,8,1,4,0,41,0
Western/Clark's Grebe,,slash,0,4,0,62,258,141,0,24,209,100,120,28,20,151,31,107,0,0,0,0,0,0,0,0,0,0,0,14,120,116,0,0,0,0,25,0,3,4,17,18,0,0,0,0,0,0,3,0,0,0,0,8,0,0,0
Double-crested Cormorant,,,0,0,1,4,4,3,13,2,23,40,71,113,114,98,37,62,86,75,91,132,71,97,67,230,101,49,64,51,56,65,60,70,82,86,53,105,117,141,156,93,81,115,51,140,74,89,126,133,106,89,70,70,81,86,90
American White Pelican,,,0,0,0,0,0,0,0,0,0,0,0,0,0,0,0,0,0,0,0,1,0,0,1,0,12,0,0,0,0,16,0,0,12,0,1,40,50,0,4,0,0,21,2,4,0,24,0,5,48,0,12,0,35,14,21
American Bittern,,,1,0,1,0,3,3,4,4,0,0,1,0,0,2,2,1,3,1,0,0,0,0,0,0,0,0,0,0,0,0,0,1,0,0,0,0,0,0,0,0,0,0,0,0,0,0,0,0,0,0,0,0,0,0,0
Great Blue Heron (Great Blue),Great Blue Heron,,6,4,11,14,28,25,42,22,26,29,30,35,32,42,19,20,29,30,30,23,25,25,33,29,45,26,30,26,16,18,35,21,29,24,12,58,21,21,33,35,30,37,27,35,37,28,25,19,35,25,27,25,27,22,24
Great Egret,,,0,1,0,0,3,0,4,8,16,1,13,15,21,17,10,6,23,26,24,15,18,15,28,36,76,32,27,32,21,38,47,25,49,55,84,71,27,23,28,36,44,43,26,24,39,44,28,32,55,48,40,32,80,41,34
Snowy Egret,,,4,0,0,0,1,0,1,0,0,0,0,3,3,16,3,1,9,15,16,30,15,16,40,11,37,41,51,21,28,57,37,24,90,25,63,102,18,30,28,38,78,58,34,26,31,28,32,38,45,28,56,55,19,45,65
Cattle Egret,,,0,0,1,0,0,0,0,0,0,0,0,0,0,0,1,0,0,0,0,0,0,0,0,0,0,0,1,0,0,0,0,0,10,0,3,3,0,0,1,0,0,0,0,0,1,0,0,12,5,0,0,0,0,0,0
Green Heron,,,2,1,0,5,5,1,2,5,12,0,1,2,3,1,1,0,4,5,0,1,3,4,3,3,2,3,0,2,1,0,3,0,2,4,0,2,3,0,6,4,12,3,5,2,6,3,2,1,1,2,0,2,2,5,2
Black-crowned Night-Heron,,,0,1,0,1,1,0,0,1,14,6,12,47,0,25,2,0,1,0,1,2,0,2,0,0,6,0,0,0,0,10,0,5,13,0,0,4,0,0,0,3,1,1,2,0,0,20,1,0,0,0,0,0,0,0,0
White-faced Ibis,,,0,0,0,0,0,0,0,0,0,0,0,0,0,0,0,0,0,0,0,0,0,0,0,0,0,0,0,0,0,0,0,0,6,0,0,0,0,0,0,0,0,0,0,0,0,0,0,0,0,0,0,0,0,0,0
Turkey Vulture,,,0,1,28,6,0,6,2,2,3,5,1,7,7,13,2,15,88,150,63,137,55,121,57,72,110,98,161,118,182,205,85,58,217,157,62,252,112,79,188,260,166,231,178,290,153,204,339,201,369,347,305,307,259,265,574
Osprey,,,0,0,2,2,0,1,1,0,3,1,3,2,4,5,4,3,3,8,6,6,4,6,5,8,15,10,10,10,6,8,12,8,8,10,5,9,5,4,5,7,6,8,5,6,5,6,6,3,5,3,5,2,17,3,10
White-tailed Kite,,,8,31,6,26,48,30,11,12,39,23,28,16,47,48,25,5,12,15,19,3,4,24,11,35,30,7,14,15,0,21,13,2,19,24,9,8,22,2,12,18,25,20,16,6,3,12,13,7,6,6,4,4,15,4,1
Golden Eagle,,,0,2,12,11,6,5,4,5,8,0,13,4,4,11,2,5,3,6,9,15,9,3,7,18,12,12,13,7,16,12,7,3,7,4,3,9,8,4,1,10,10,9,6,6,4,4,3,4,4,8,2,5,5,4,11
Northern Harrier,,,9,6,7,10,22,11,15,10,25,9,7,17,23,41,9,6,8,22,10,15,6,17,16,25,25,15,15,27,32,20,20,6,17,26,19,31,14,13,17,8,17,18,13,2,11,9,20,7,18,12,4,14,22,23,14
Sharp-shinned Hawk,,,4,3,7,12,24,15,10,10,21,65,8,14,6,21,7,6,9,7,13,16,11,10,6,12,10,5,5,12,17,13,7,7,21,16,3,19,7,4,12,14,10,4,8,6,7,7,12,5,11,9,16,14,11,10,4
Cooper's Hawk,,,2,1,3,5,11,8,7,4,15,5,8,6,5,12,5,10,13,3,11,10,6,8,12,13,5,8,5,4,14,9,11,2,17,10,8,12,4,6,5,6,17,14,5,8,9,17,19,7,13,9,7,19,31,22,9
Sharp-shinned/Cooper's Hawk,,,0,0,0,0,0,0,0,0,0,0,0,0,0,0,0,0,0,0,0,0,0,0,0,0,0,0,0,0,0,0,0,0,0,0,0,0,0,0,0,0,0,0,0,0,0,0,0,0,0,0,0,0,0,0,2
Northern Goshawk,,,0,0,0,0,0,0,0,0,0,0,0,0,0,0,0,0,0,0,0,0,1,0,0,0,0,0,0,0,0,0,0,0,0,0,0,0,0,0,0,0,0,0,0,0,0,0,0,0,0,0,0,0,0,0,0
Accipiter sp.,,sp,0,0,0,0,0,0,0,0,9,3,5,6,8,9,1,0,0,5,1,2,0,2,3,4,6,2,0,2,6,1,3,1,4,0,2,3,0,1,2,3,3,2,1,3,3,1,3,0,4,0,0,3,0,0,0
Bald Eagle,,,0,0,0,2,1,0,1,0,1,0,0,1,1,0,0,0,0,4,1,0,3,1,0,1,7,4,3,3,10,8,3,2,8,1,1,1,4,3,0,4,3,6,1,8,2,9,1,4,5,6,9,4,8,7,9
Red-shouldered Hawk,,,2,0,0,2,3,1,2,1,3,1,5,9,17,19,22,7,14,20,17,20,15,11,20,14,33,23,15,18,21,22,32,25,39,37,26,52,37,44,59,71,53,80,47,48,56,57,25,46,52,61,50,43,80,49,39
Red-shouldered Hawk (elegans),,,0,0,0,0,0,0,0,0,0,0,0,0,0,0,0,0,0,0,0,0,0,0,0,0,0,0,0,0,0,0,0,0,0,0,0,0,0,0,0,0,0,0,0,0,0,0,0,0,0,0,0,0,0,0,4
Swainson's Hawk,,,0,0,0,0,0,0,0,0,0,0,0,0,0,0,0,0,0,0,0,0,0,0,0,0,0,0,0,0,0,0,0,0,0,0,0,0,0,0,0,0,1,0,0,0,0,0,0,0,0,0,0,0,0,0,0
Red-tailed Hawk,,,25,235,63,77,102,75,123,55,123,54,133,122,92,112,83,53,67,108,81,114,74,89,104,114,107,84,72,84,101,82,93,52,137,105,52,150,103,88,97,108,157,136,116,128,103,115,186,120,134,110,118,155,193,147,155
Red-tailed Hawk (calurus/alascensis),,,0,0,0,0,0,0,0,0,0,0,0,0,0,0,0,0,0,0,0,0,0,0,0,0,0,0,0,0,0,0,0,0,0,0,0,0,0,0,0,0,0,0,0,0,0,0,0,0,0,0,0,0,0,0,10
Red-tailed Hawk (Harlan's),,sub,0,0,0,0,0,0,0,0,0,0,0,0,0,0,0,0,1,0,0,0,0,0,0,0,0,0,0,0,0,0,0,0,0,0,0,0,0,1,0,0,0,0,0,0,0,0,0,0,0,0,0,0,0,0,0
Rough-legged Hawk,,,0,2,2,2,4,5,7,4,0,0,0,7,2,9,3,0,4,6,1,2,2,1,0,0,1,1,1,0,0,0,4,0,0,0,0,0,0,0,0,0,0,0,1,1,0,0,0,0,0,0,0,0,0,0,0
Ferruginous Hawk,,,1,2,0,0,0,1,0,1,1,0,1,1,2,2,0,2,0,3,2,6,3,1,2,1,2,2,1,2,0,1,1,1,1,0,1,3,1,3,1,3,0,1,5,5,1,3,3,5,7,2,1,4,5,3,2
Buteo sp.,,sp,0,0,0,0,0,0,2,2,9,7,7,3,8,4,2,1,6,9,6,5,4,2,2,2,1,2,1,0,0,0,0,0,0,0,0,1,2,0,0,2,1,1,0,0,0,0,0,1,1,1,2,1,0,0,0
hawk sp.,,sp,0,0,0,0,0,0,0,0,2,1,1,0,2,1,0,0,1,0,0,0,2,1,0,0,0,1,0,0,1,0,0,0,0,0,0,0,0,0,0,0,0,0,0,0,0,0,0,0,0,0,0,0,0,0,0
Accipitrine hawk sp. (former Accipiter sp.),,sp,0,0,0,0,0,0,0,0,0,0,0,0,0,0,0,0,0,0,0,0,0,0,0,0,0,0,0,0,0,0,0,0,0,0,0,0,0,0,0,0,0,0,0,0,0,0,0,0,0,0,0,0,0,0,1
eagle sp.,,sp,0,0,0,0,0,0,0,0,0,1,0,0,0,1,0,0,0,0,0,0,0,1,0,0,0,1,0,0,0,1,0,0,1,0,0,0,1,0,0,0,0,1,0,0,0,0,0,0,0,0,0,0,0,0,0
Virginia Rail,,,0,0,0,1,0,3,0,1,3,0,1,0,0,0,4,1,2,3,3,3,5,0,5,4,4,2,3,5,1,0,0,5,5,5,5,5,3,4,6,1,2,4,2,6,6,0,4,1,2,7,4,3,5,4,5
Sora,,,0,0,1,3,4,3,1,0,1,0,0,0,0,0,1,1,1,3,3,0,4,2,6,4,5,2,4,4,1,1,1,3,1,1,1,2,2,2,3,1,4,2,6,5,5,6,10,10,8,9,6,14,13,17,5
Common Gallinule,,,4,0,3,16,17,18,18,12,10,9,0,6,6,2,11,4,6,3,3,9,1,1,0,2,6,5,3,6,7,1,2,4,12,11,10,6,3,2,3,12,6,0,3,0,0,1,0,1,6,3,4,1,7,12,3
American Coot,,,77,25,7,738,888,1305,443,763,281,347,394,610,657,792,861,662,1563,588,331,461,617,465,270,173,602,256,290,198,308,288,423,130,56,96,124,101,605,421,18,89,429,464,606,586,355,315,133,202,130,310,15,19,16,23,21
Sandhill Crane,,,0,0,0,0,0,0,0,0,0,0,0,0,0,0,2,0,0,0,0,0,0,0,0,0,0,0,0,0,0,0,0,0,0,0,2,0,0,0,0,0,0,0,0,0,1,0,0,0,0,0,0,0,0,0,0
Black-necked Stilt,,,0,0,0,0,0,0,0,0,0,0,0,0,0,0,0,0,0,0,0,0,0,0,0,1,0,0,0,0,0,0,0,0,0,0,0,0,0,0,0,0,0,0,0,0,4,0,0,0,0,0,2,0,0,0,0
Killdeer,,,18,55,154,115,219,110,326,99,465,67,92,148,47,421,79,132,188,110,172,123,23,31,54,41,96,11,268,165,479,106,120,46,143,68,131,337,259,100,136,85,161,88,90,55,86,146,151,71,71,78,57,86,54,79,241
Spotted Sandpiper,,,0,2,1,0,0,1,2,4,2,1,2,3,1,8,1,3,3,5,1,4,2,2,2,0,2,0,11,1,0,0,3,5,3,8,1,3,0,1,0,0,1,0,0,1,3,0,2,2,0,2,0,1,1,3,4
Greater Yellowlegs,,,1,0,9,2,7,0,0,0,15,2,16,28,6,47,9,1,9,6,12,23,5,29,22,29,13,30,38,26,15,32,26,12,30,34,1,62,34,14,21,34,28,23,22,5,16,33,14,5,20,8,5,17,10,31,56
Long-billed Curlew,,,0,0,0,39,18,26,30,1,91,14,0,66,0,31,22,15,32,53,2,35,52,45,38,0,0,0,0,4,33,17,21,64,0,1,0,1,75,18,0,0,101,0,42,0,79,400,0,0,0,2,0,0,51,1,1
Dunlin,,,5,0,0,15,1,0,0,0,0,0,0,0,0,0,0,0,0,0,0,0,0,0,2,1,8,0,0,0,0,0,0,0,0,10,0,0,2,0,1,0,0,0,0,0,0,0,0,0,0,4,1,0,0,0,0
Least Sandpiper,,,0,5,0,0,6,0,0,10,0,10,0,0,0,41,23,0,0,0,13,6,0,0,0,16,6,48,29,30,4,25,5,35,2,0,0,48,45,2,20,0,18,2,0,14,55,105,50,0,0,1,79,23,13,29,40
Western Sandpiper,,,0,0,0,0,0,0,0,0,0,0,0,0,0,0,0,0,0,0,0,0,0,0,0,0,0,0,0,0,0,0,0,0,0,0,0,0,0,2,0,0,0,0,0,0,0,0,0,0,0,0,0,0,0,0,0
Long-billed Dowitcher,,,0,14,0,0,4,0,0,0,0,0,0,0,0,0,0,0,0,5,1,5,6,0,13,1,0,0,23,12,15,20,29,0,9,0,0,18,8,0,0,0,0,0,0,0,8,2,1,13,0,0,13,3,0,0,6
Wilson's Snipe,,,0,5,0,19,53,6,0,18,25,11,0,21,2,7,11,2,6,17,19,13,9,3,3,0,2,0,11,13,25,52,19,4,2,5,5,42,14,3,8,0,11,0,20,1,19,4,11,9,0,11,3,17,15,4,13
Bonaparte's Gull,,,0,0,0,0,0,0,2,35,0,0,0,1,0,0,0,0,0,0,4,11,3,17,22,80,23,37,31,50,8,0,5,14,5,1,4,4,10,35,17,0,0,7,0,0,8,0,0,0,0,0,4,1,0,0,1
Ring-billed Gull,,,17,4,580,21,18,2,0,1,85,7,4,4,7,10,0,6,4,3,4,5,4,2,5,0,13,6,3,4,4,6,2,8,4,9,0,0,9,1,4,2,3,0,0,0,5,0,0,0,0,1,2,0,3,7,16
Western Gull,,,0,0,0,0,0,0,0,0,0,0,0,0,0,0,0,0,0,0,0,0,0,0,0,0,0,1,0,0,0,0,0,0,0,0,0,0,0,0,0,0,0,0,0,0,0,0,0,0,0,0,0,0,0,0,0
California Gull,,,9,2,0,8,18,1,1,4,0,2,6,1,3,6,3,1,3,4,3,4,22,5,2,0,2,2,3,0,11,6,15,4,1,4,14,0,5,1,3,3,15,5,5,21,262,0,3,35,1,0,316,0,3,1656,69
American Herring Gull,,,5,0,0,0,2,0,2,0,0,1,1,0,3,1,3,1,7,2,2,3,6,1,0,4,1,2,1,0,1,2,2,0,1,1,0,0,0,0,0,1,0,0,1,8,3,0,0,7,19,15,54,0,0,2,31
Thayer's Gull,Iceland Gull (Thayer's),,0,0,0,0,0,0,0,0,0,0,0,0,0,0,0,0,0,0,0,0,0,0,0,0,0,0,0,0,0,0,0,0,0,0,0,0,0,0,0,0,0,0,0,0,2,0,0,0,1,0,0,0,0,1,0
gull sp.,Larus sp.,,0,0,0,4,0,0,0,23,8,2,236,51,14,3,8,4,112,12,4,88,40,6,1,3,17,26,6,4,15,29,8,7,0,3,8,1,34,2,16,16,7,1,0,11,34,23,1,0,0,0,9,0,38,0,318
Rock Pigeon (Feral Pigeon),Rock Pigeon,,0,0,91,57,244,199,177,153,133,154,112,210,286,301,253,21,242,268,277,456,173,210,244,363,682,245,257,332,330,295,197,387,310,773,325,303,636,302,475,303,323,368,352,619,391,305,213,480,243,417,433,314,546,3191,387
Band-tailed Pigeon,,,150,377,40,0,88,0,489,2,220,0,65,0,67,534,0,8,193,0,0,0,3,21,32,55,3,255,0,0,146,0,56,10,51,3,0,0,87,412,66,0,0,10,187,304,8,2,95,11,36,2,3,0,61,2,0
Eurasian Collared-Dove,,,0,0,0,0,0,0,0,0,0,0,0,0,0,0,0,0,0,0,0,0,0,0,0,0,0,0,0,0,0,0,0,0,0,0,8,3,3,31,120,249,466,487,417,742,459,370,356,432,273,289,453,340,554,654,465
Mourning Dove,,,75,193,88,143,111,102,259,208,109,79,92,140,109,165,273,209,323,53,194,197,353,315,186,164,172,384,228,208,344,297,229,137,320,263,266,193,595,337,431,328,310,368,180,408,542,305,248,411,313,227,545,399,677,527,283
Greater Roadrunner,,,0,0,0,0,0,0,0,0,0,1,0,0,0,1,0,0,0,0,0,0,0,0,0,0,0,0,0,0,0,0,0,0,0,0,0,0,0,0,0,0,0,0,0,1,0,0,0,1,0,0,0,1,0,0,0
American Barn Owl,,,0,4,3,4,8,1,0,2,3,1,4,4,15,7,3,2,1,7,2,0,4,6,8,17,7,5,4,2,6,4,1,0,7,1,1,0,1,4,9,2,8,8,1,4,1,7,4,6,3,6,0,7,30,19,3
Western Screech-Owl,,,0,1,0,0,5,2,0,1,0,4,6,13,2,11,2,2,5,1,3,10,13,15,1,7,4,5,7,1,8,5,9,1,1,5,0,5,13,7,9,0,5,1,2,1,4,3,1,3,10,13,1,34,33,9,16
Great Horned Owl,,,5,2,8,6,21,17,25,8,9,16,9,45,37,38,5,29,42,22,18,12,15,11,22,38,80,43,27,15,5,7,17,11,16,17,8,43,26,32,44,3,36,35,27,61,39,30,30,70,41,95,42,97,134,138,24
Northern Pygmy-Owl,,,1,1,2,1,3,2,1,0,3,2,2,4,4,6,3,0,1,5,5,2,1,5,3,8,7,0,0,2,5,1,7,7,5,5,0,6,5,5,2,0,4,2,4,1,4,1,3,2,4,4,2,7,4,1,2
Burrowing Owl,,,0,1,0,1,3,2,2,2,5,4,1,5,4,0,1,0,0,0,0,1,0,0,3,2,2,0,0,3,0,1,3,1,0,3,2,1,2,1,0,0,2,0,1,0,0,0,0,0,0,2,0,2,1,4,0
Long-eared Owl,,,0,0,0,0,0,0,0,0,0,0,0,0,0,0,0,0,0,0,0,1,0,0,0,0,0,0,0,0,0,0,2,0,0,2,0,1,0,0,0,0,0,0,1,0,0,0,0,0,0,0,0,0,1,0,0
Short-eared Owl,,,0,0,0,0,0,0,0,0,0,0,0,0,0,1,0,0,0,0,0,0,0,0,0,0,0,0,0,0,0,0,1,0,0,0,0,0,0,0,0,0,0,2,0,0,0,1,0,0,0,0,0,0,0,0,0
Northern Saw-whet Owl,,,0,0,0,0,0,0,0,0,0,2,0,0,0,0,0,0,1,0,0,0,0,0,0,0,0,0,0,0,0,0,0,0,0,0,0,0,1,0,0,0,0,0,0,0,0,0,0,0,0,0,0,1,1,0,0
owl sp.,,,0,0,0,0,0,0,0,1,1,0,5,0,1,1,0,0,0,0,0,0,5,0,0,1,0,1,0,0,0,1,0,0,0,0,0,0,0,0,1,0,0,0,0,0,0,0,0,0,0,0,0,0,0,0,0
Common Poorwill,,,0,0,0,0,0,0,0,0,0,0,0,0,0,0,0,0,0,0,0,0,0,0,0,0,0,0,0,0,1,0,0,0,0,0,0,0,0,0,0,0,0,0,0,0,0,0,0,0,0,0,0,0,0,0,0
White-throated Swift,,,200,8,70,90,483,36,128,57,8,0,46,10,203,100,70,202,234,250,594,92,33,97,137,120,119,39,20,0,225,10,10,31,0,0,0,0,6,1,0,3,0,2,0,0,0,0,1,0,0,67,0,1,30,58,93
Anna's Hummingbird,,,5,4,20,12,55,22,57,6,60,45,37,76,36,41,13,41,33,58,32,34,19,61,39,68,95,47,27,55,47,83,127,56,125,148,63,156,174,157,90,52,121,155,123,122,114,172,160,119,171,262,211,295,213,279,99
hummingbird sp.,,,0,0,0,0,0,0,0,0,0,0,0,0,0,0,0,0,0,0,0,0,0,0,0,0,0,0,0,0,0,0,0,0,0,0,0,0,0,0,0,0,0,0,0,0,0,0,0,0,0,0,0,0,0,0,1
Belted Kingfisher,,,8,11,9,15,26,14,27,15,19,15,19,26,16,24,13,12,22,31,22,20,26,15,17,21,20,18,16,12,16,8,30,30,23,41,16,32,29,25,36,43,37,32,33,39,29,23,23,28,37,28,29,25,28,25,16
Lewis's Woodpecker,,,8,147,4,7,1,71,32,12,7,9,0,0,8,3,5,1,1,6,1,0,43,130,15,10,2,2,1,0,1,1,11,0,0,4,10,0,10,5,15,73,0,0,12,60,0,3,3,0,1,29,38,159,0,226,2
Acorn Woodpecker,,,36,81,74,161,156,170,182,73,101,86,112,131,121,229,197,74,108,182,118,131,92,140,266,189,92,61,121,113,116,156,274,173,196,202,99,243,280,338,389,260,646,644,564,809,341,289,402,453,538,555,429,618,569,588,509
Yellow-bellied Sapsucker,,,0,0,0,0,0,0,0,0,0,0,0,0,0,0,0,0,1,0,0,0,0,0,0,0,0,0,0,0,0,0,0,0,0,0,0,0,0,0,0,0,1,1,0,0,1,1,0,0,0,0,0,0,0,0,0
Red-naped Sapsucker,,,0,0,0,0,0,0,0,0,0,0,0,0,0,0,0,0,0,0,0,0,0,0,0,1,0,1,0,0,0,0,3,2,0,0,1,0,0,0,0,1,0,0,2,0,0,0,0,0,0,0,0,0,0,0,1
Red-breasted Sapsucker,,,8,14,13,24,55,66,77,16,35,13,24,28,30,29,38,25,27,35,21,19,15,14,18,23,22,9,16,25,21,23,34,13,31,31,8,28,39,27,31,31,38,55,47,56,39,32,38,28,61,65,46,48,53,44,33
Red-breasted Sapsucker X Red-naped Sapsucker (hybrid),,hybrid,0,0,0,0,0,1,0,0,0,0,0,0,0,0,0,0,0,0,0,0,0,0,0,0,0,0,0,0,0,0,0,1,0,1,0,0,0,0,0,0,0,1,0,1,0,0,0,0,1,1,0,0,0,0,0
"sapsucker, sp.",,sp,0,0,0,0,0,0,0,0,0,0,0,0,0,0,0,0,0,0,0,0,0,0,0,0,0,0,0,0,0,0,0,0,1,0,0,0,0,0,0,0,0,0,0,0,0,0,0,1,0,0,0,0,0,0,0
Nuttall's Woodpecker,,,15,28,28,73,60,65,92,67,96,116,92,98,90,138,96,91,93,99,85,103,101,112,118,182,84,80,88,122,101,103,140,118,156,195,83,225,201,202,245,152,192,196,197,192,129,156,135,162,211,226,180,230,183,186,134
Downy Woodpecker,,,6,2,9,10,44,28,24,9,29,19,18,18,26,38,39,17,30,28,14,17,36,23,8,17,22,10,17,12,18,14,27,10,33,16,3,13,30,20,34,14,23,24,20,17,12,12,9,23,27,35,21,29,31,18,12
Downy Woodpecker (Pacific),,,0,0,0,0,0,0,0,0,0,0,0,0,0,0,0,0,0,0,0,0,0,0,0,0,0,0,0,0,0,0,0,0,0,0,0,0,0,0,0,0,0,0,0,0,0,0,0,0,0,0,0,0,0,0,1
Hairy Woodpecker,,,1,0,0,0,2,0,3,1,5,6,5,3,3,4,5,1,4,1,2,4,8,6,3,7,6,2,10,5,4,4,18,2,6,7,4,9,18,7,9,4,12,8,14,15,18,4,13,5,12,6,7,8,11,17,8
White-headed Woodpecker,,,0,0,0,0,0,0,0,0,0,0,1,0,0,0,0,0,0,0,0,0,0,0,0,0,0,0,0,0,0,0,1,0,0,0,0,0,0,0,0,0,0,0,0,0,0,0,0,0,0,0,0,0,0,0,0
Northern Flicker (Yellow-shafted),,sub,2,1,1,2,2,1,4,1,1,0,3,1,1,1,2,0,2,4,1,1,0,0,3,1,2,2,2,1,2,0,1,0,1,0,0,3,0,1,0,3,1,0,3,2,5,0,1,0,1,1,0,0,0,1,1
Northern Flicker (Red-shafted),Northern Flicker,sub,470,502,159,348,597,565,714,403,522,365,527,389,443,479,303,495,470,511,370,461,346,422,439,347,520,254,238,371,203,263,449,401,487,399,270,637,599,499,545,582,551,555,480,493,431,343,353,351,422,445,346,505,492,390,382
Northern Flicker (intergrade),Northern Flicker (Yellow-shafted x Red-shafted),hybrid,5,1,0,0,0,0,1,0,0,0,0,0,0,0,0,0,0,0,0,0,0,0,0,0,0,0,0,3,1,1,0,0,2,1,1,0,0,0,1,4,4,1,1,0,2,0,3,4,3,4,2,3,3,1,1
Pileated Woodpecker,,,0,0,0,0,0,0,0,0,0,0,0,1,0,0,0,0,0,1,2,0,0,0,2,1,0,1,0,1,2,1,3,2,2,1,0,6,8,5,6,3,3,6,5,5,4,2,4,7,5,3,0,0,1,4,1
American Kestrel,,,56,133,76,104,266,96,152,116,126,142,109,109,123,182,141,89,123,83,109,80,62,96,98,94,103,101,85,74,102,92,146,57,122,156,52,93,103,65,95,117,116,83,77,77,83,62,87,94,68,74,64,88,96,112,80
Merlin,,,0,2,0,0,1,0,1,1,0,1,1,0,3,3,1,1,0,4,2,2,1,2,3,4,2,0,3,3,5,0,2,0,2,0,2,4,7,3,9,5,5,7,4,11,10,3,6,7,5,4,10,8,8,8,8
Peregrine Falcon,,,0,0,0,0,0,0,0,0,0,0,0,0,0,0,3,0,0,0,0,1,0,0,0,0,0,0,0,0,2,2,3,2,1,1,0,1,3,0,1,2,3,4,5,4,2,7,6,7,5,3,3,5,2,4,2
Prairie Falcon,,,0,2,1,3,1,0,3,0,2,2,1,1,4,3,0,3,0,3,2,8,1,1,2,5,4,2,5,2,4,5,4,0,2,2,2,7,2,0,1,3,5,1,4,0,1,1,4,2,2,1,1,0,1,2,3
falcon sp.,,,0,0,0,2,0,0,2,2,0,0,1,0,3,1,8,0,0,0,1,3,0,2,1,0,0,1,0,0,1,0,0,0,0,0,0,0,1,0,0,0,0,0,0,0,0,1,0,1,0,0,0,0,0,0,1
Empidonax sp.,,sp,0,0,0,0,0,0,0,0,0,0,0,0,0,0,0,0,0,0,0,0,0,0,0,0,0,0,0,0,0,0,0,0,1,0,0,0,0,0,0,0,0,0,0,0,0,0,0,0,0,0,0,0,0,0,0
Black Phoebe (Northern),Black Phoebe,,39,49,34,65,78,67,61,64,80,83,101,74,104,102,64,86,59,86,88,71,62,54,77,86,107,88,88,98,98,100,113,116,160,165,109,172,188,170,179,206,179,181,196,209,203,202,164,203,246,252,182,248,277,264,249
Eastern Phoebe,,,0,0,0,0,0,0,0,0,0,0,0,0,0,0,0,0,0,0,0,0,0,0,0,0,0,0,0,0,0,0,0,0,0,0,0,1,0,0,0,0,0,0,0,0,0,0,0,0,0,0,0,0,0,0,0
Say's Phoebe,,,19,22,6,15,19,36,21,9,29,27,33,21,23,37,33,8,12,19,17,33,12,18,17,24,28,21,20,23,29,35,44,15,30,49,22,37,42,22,32,36,56,38,28,31,60,43,41,64,82,60,60,84,90,99,61
Western Kingbird,,,0,0,0,0,0,0,0,0,0,1,0,0,0,0,0,0,0,0,0,0,0,0,0,0,0,0,0,0,0,0,0,0,0,0,0,0,0,0,0,0,0,0,0,0,0,0,0,0,0,0,0,0,0,0,0
Loggerhead Shrike,,,31,85,24,34,56,52,33,38,33,28,15,29,20,66,50,37,24,44,32,22,21,21,32,37,39,18,24,26,20,28,38,23,35,38,15,30,24,15,21,23,35,14,22,21,22,14,15,13,14,14,11,22,9,26,6
Northern Shrike,,,0,0,0,0,0,0,0,0,0,0,0,0,0,0,0,0,0,0,0,1,0,0,0,0,0,0,0,0,1,0,0,0,0,0,0,0,0,0,0,0,0,0,0,0,0,0,0,0,0,0,0,0,0,0,0
Plumbeous Vireo,,,0,0,0,0,0,0,0,0,0,0,0,0,0,0,0,0,0,0,0,0,0,0,0,0,0,0,0,0,0,0,0,0,0,0,0,0,0,0,0,0,0,0,0,0,0,0,0,0,1,0,0,0,0,0,0
Cassin's Vireo,,,0,0,0,0,0,0,0,0,0,0,0,0,0,0,0,0,0,0,0,0,0,0,0,0,0,0,0,0,0,0,0,0,1,0,0,1,0,0,0,0,0,0,1,0,0,0,0,0,0,0,0,0,0,0,0
Hutton's Vireo,,,1,1,0,1,3,8,2,4,12,9,4,5,10,7,1,8,3,1,5,4,0,4,3,9,12,3,14,22,24,27,23,10,29,30,13,33,30,6,3,3,25,24,19,4,5,5,12,18,16,13,0,5,3,3,1
Warbling Vireo,,,0,0,0,0,0,0,0,0,0,0,0,0,0,0,0,0,0,0,0,0,0,0,0,0,0,0,0,0,0,0,0,0,0,0,0,0,0,0,0,1,0,0,0,0,0,0,0,0,0,0,0,0,0,0,0
Steller's Jay,,,15,17,0,9,6,17,4,5,6,5,6,3,3,0,7,78,3,24,16,13,6,8,7,7,13,10,5,13,1,1,12,5,13,20,19,22,39,28,8,3,29,39,36,292,10,9,8,13,15,3,7,12,8,5,5
California Scrub-Jay,,,430,321,260,558,638,700,880,483,903,562,647,745,804,1019,617,489,944,784,613,810,678,883,862,643,848,508,550,802,388,487,906,609,711,1308,271,678,749,693,910,708,1070,958,767,877,585,430,573,551,865,934,690,925,729,796,592
Yellow-billed Magpie,,,680,295,142,228,437,389,402,416,719,376,395,300,379,668,522,604,437,558,313,634,501,659,392,768,622,476,527,687,595,705,738,503,514,657,332,329,406,282,470,471,410,327,325,258,427,211,235,186,287,338,378,267,152,325,320
American Crow,,,2,78,32,28,51,274,408,126,88,28,47,145,427,284,140,45,217,148,114,260,376,344,324,274,983,920,815,703,239,938,1124,686,1167,660,335,1002,990,643,1299,958,1132,1127,2142,974,844,625,307,669,657,505,590,369,314,272,248
Common Raven,,,0,3,1,3,2,2,2,0,5,2,2,3,4,0,1,3,0,3,6,13,22,14,15,20,74,19,48,24,39,31,31,11,109,65,30,84,78,91,127,91,184,275,177,175,180,235,186,261,385,450,679,600,577,505,338
Horned Lark,,,1000,170,110,0,95,0,40,0,6,0,80,188,1,0,2,1,1,25,10,117,0,100,140,273,1,21,0,14,34,4,81,20,382,0,0,154,148,16,8,47,25,0,0,6,25,0,0,7,1,0,9,120,5,1119,1
Tree Swallow,,,6,11,3,4,0,0,0,9,2,24,0,0,0,0,0,0,3,0,3,0,0,0,0,0,0,26,0,0,0,0,1,5,0,4,4,0,0,59,0,0,28,1,4,1,3,0,0,0,0,0,12,0,0,2,0
Violet-green Swallow,,,0,10,0,1,21,0,0,1,4,0,0,0,0,0,0,0,0,0,0,0,0,0,0,0,0,10,0,0,0,0,0,0,0,4,0,0,0,0,0,0,0,1,0,0,0,0,0,0,0,0,0,0,0,0,0
Barn Swallow,,,0,0,0,0,0,0,0,0,0,0,0,0,0,0,0,0,0,0,0,0,0,0,0,0,0,0,0,0,0,0,0,1,0,0,0,0,0,0,0,0,0,0,0,0,0,0,0,0,0,0,0,2,0,0,0
Chestnut-backed Chickadee,,,0,1,0,1,1,0,0,2,0,0,0,4,0,0,0,6,0,0,0,0,0,0,0,0,0,0,0,1,0,0,19,0,42,0,13,4,2,58,3,16,10,26,22,21,4,0,3,2,12,0,0,0,0,0,0
Oak Titmouse,,,95,131,87,196,253,216,232,149,207,280,296,294,276,338,203,185,174,247,138,191,177,329,184,242,182,204,232,263,333,322,449,357,433,491,138,322,407,314,321,258,425,340,351,333,251,199,238,307,328,363,293,359,288,293,270
Bushtit (Pacific),Bushtit,,110,184,38,493,772,418,162,102,313,431,429,758,417,849,349,597,564,751,347,391,221,367,364,378,483,422,569,492,333,513,583,587,928,650,204,790,799,511,616,850,587,961,918,559,307,337,352,511,440,433,427,428,567,396,425
Red-breasted Nuthatch,,,0,2,0,0,1,1,1,0,0,1,2,3,2,0,0,0,0,0,0,0,0,0,0,0,1,2,0,3,0,1,0,0,1,3,1,0,0,2,0,8,0,14,0,0,2,0,1,0,34,3,0,0,8,0,0
White-breasted Nuthatch (Pacific),White-breasted Nuthatch,,10,12,16,53,42,68,53,48,73,52,46,89,42,121,67,58,35,36,27,56,43,56,45,87,38,41,40,59,65,64,96,54,106,91,27,117,115,101,127,82,173,166,184,155,80,69,117,186,179,236,182,269,217,182,124
Brown Creeper,,,0,2,2,9,10,12,24,7,2,0,8,4,3,2,1,5,4,3,4,0,1,4,0,10,3,1,2,0,2,9,10,4,9,6,3,4,28,18,15,8,6,17,37,3,10,1,4,10,7,4,0,2,3,3,2
Rock Wren,,,1,4,5,12,19,8,18,20,21,22,21,23,26,44,5,5,13,11,20,16,12,9,7,16,5,6,5,5,2,9,15,4,3,8,1,6,6,5,5,1,11,8,12,12,6,12,20,11,7,19,8,31,18,17,11
Canyon Wren,,,2,4,2,18,9,7,5,4,13,10,6,1,12,8,3,3,11,5,12,5,1,9,2,6,7,5,4,3,7,2,5,5,6,4,0,2,3,3,1,0,2,2,0,0,1,3,6,4,3,8,1,2,1,2,5
Northern House Wren,,,0,0,4,0,5,0,10,5,4,0,1,2,3,1,1,16,1,7,5,9,2,6,6,2,5,3,2,7,2,7,9,2,5,9,2,15,15,5,11,27,26,20,18,18,31,15,16,24,30,11,15,54,28,30,17
Pacific Wren,,,0,1,2,2,7,4,3,5,1,1,1,1,0,1,1,1,1,1,2,0,1,0,1,1,1,1,1,4,4,1,2,5,3,1,0,1,1,0,1,3,0,3,1,1,1,3,0,0,0,2,5,3,1,3,2
Winter Wren,,,0,0,0,0,0,0,0,0,0,0,0,0,0,0,0,0,0,0,0,0,0,0,0,0,0,0,0,0,0,0,0,0,0,0,0,0,0,0,0,0,0,1,0,0,0,0,0,0,0,0,0,2,1,0,0
Marsh Wren,,,0,0,0,2,5,6,4,7,4,8,1,3,8,2,3,0,4,0,0,1,0,0,0,0,4,3,0,3,0,0,3,1,2,2,0,0,2,3,5,0,3,1,5,3,4,0,3,3,2,5,10,7,2,9,3
Bewick's Wren,,,18,29,15,84,103,127,60,41,84,85,74,88,101,134,49,59,29,76,44,60,35,36,47,68,78,43,52,71,72,53,74,48,100,114,36,108,94,45,62,40,56,55,63,44,33,29,66,67,82,83,47,89,103,89,82
Blue-gray Gnatcatcher,,,0,0,7,15,9,10,11,5,11,4,1,4,2,5,1,10,10,6,8,1,2,10,1,0,12,8,3,8,5,1,5,2,10,4,0,1,3,4,4,1,2,2,6,6,1,0,4,11,8,13,2,4,14,17,15
American Dipper,,,2,2,1,0,1,2,1,0,1,1,2,0,0,1,0,1,1,1,2,2,1,1,1,2,3,1,1,0,2,0,1,1,1,0,1,1,1,1,2,1,0,0,0,0,0,1,0,1,0,0,1,0,0,1,1
Golden-crowned Kinglet,,,2,0,42,153,47,0,52,26,13,13,23,0,71,5,13,10,6,14,8,31,2,6,1,32,40,10,4,150,3,26,37,7,13,16,6,24,19,15,25,33,1,6,31,11,9,8,16,0,41,0,4,1,17,13,1
Ruby-crowned Kinglet,,,280,152,249,553,672,446,720,635,727,520,324,470,516,509,196,280,290,429,431,412,279,387,485,326,490,272,306,473,198,355,467,361,439,492,146,657,598,362,372,282,509,455,436,417,309,342,399,359,545,698,295,440,526,459,368
Wrentit,,,15,36,14,35,88,109,53,13,73,104,73,77,106,78,54,57,70,90,79,40,83,47,113,155,95,48,86,102,107,110,195,81,111,135,44,246,274,158,116,57,171,136,186,139,50,85,142,118,184,79,11,18,25,47,35
Western Bluebird,,,66,131,84,146,235,199,184,149,362,289,483,194,307,328,173,464,187,68,124,155,97,175,134,375,187,217,224,374,200,236,281,91,272,240,200,435,517,404,471,540,447,461,353,478,200,399,448,738,337,612,697,869,645,739,516
Mountain Bluebird,,,0,8,0,26,0,1,1,14,0,0,3,3,0,112,0,1,30,3,0,6,0,0,1,7,0,0,0,0,2,2,0,0,0,1,0,3,0,0,1,0,10,0,0,0,0,1,1,0,0,6,0,0,0,9,0
Townsend's Solitaire,,,0,0,0,0,2,0,1,0,1,0,2,0,1,2,0,0,0,0,0,0,0,0,0,2,0,1,1,1,1,0,2,1,0,0,0,0,0,1,0,0,0,0,0,0,0,0,0,0,0,0,0,1,0,0,0
Hermit Thrush,,,24,113,11,113,219,179,228,83,208,200,122,96,212,132,90,78,143,105,179,113,115,274,305,213,119,133,102,352,93,174,526,158,152,245,101,428,370,337,215,91,340,217,363,198,191,65,195,137,243,244,157,245,221,230,107
American Robin,,,190,630,10300,2012,13020,89,5655,380,1278,276,1330,376,4194,6508,615,2526,839,537,232,254,545,4198,453,1314,1194,13474,2391,15993,3969,5140,6313,2481,3527,459,3134,4697,4023,5883,6549,2551,2306,4273,1310,9539,6859,4237,733,3054,2069,369,804,1814,1814,525,1715
Varied Thrush,,,18,94,16,6,13,2,76,19,5,3,17,1,77,48,8,26,33,1,11,5,9,5,15,43,2,29,0,147,31,4,40,29,6,1,20,234,2,7,2,5,25,7,6,152,4,2,18,2,19,0,1,4,11,9,9
California Thrasher,,,7,2,2,6,11,55,27,8,13,52,49,51,19,11,9,30,12,5,4,4,6,5,11,13,6,1,3,8,3,4,22,11,22,26,9,22,11,19,7,11,26,37,31,8,10,15,4,20,35,9,11,8,3,3,0
Sage Thrasher,,,0,0,0,0,0,0,0,0,0,0,0,0,0,0,0,0,0,0,0,0,0,0,1,0,0,0,0,0,0,0,0,0,0,0,0,0,0,0,0,0,0,0,0,0,0,0,0,0,0,0,0,0,0,0,0
Northern Mockingbird,,,34,64,53,59,119,80,80,41,69,51,41,69,69,104,67,61,71,101,85,60,68,101,84,73,110,82,60,83,39,47,120,59,108,88,66,124,110,161,174,128,195,175,219,223,198,182,188,142,423,282,231,297,258,322,205
European Starling,,,4000,584,260,2585,18233,369,936,563,20972,819,1158,1529,1233,7104,1423,934,26193,667,641,714,607,17056,1180,2997,1141,844,1138,1459,1010,1106,6528,1499,1364,1503,1104,929,2419,7686,2335,2889,2648,1930,1118,1726,2703,2153,4562,2608,1612,1984,2223,2281,9186,5339,3105
American Pipit,,,170,85,80,630,304,351,263,427,270,441,582,243,96,468,73,92,18,182,433,628,171,110,423,197,209,47,208,151,350,660,323,22,238,118,119,165,508,165,99,447,351,155,261,83,256,208,721,262,147,71,309,104,240,248,109
Cedar Waxwing,,,100,23,200,43,397,40,425,130,299,415,415,133,345,394,269,722,170,204,189,318,291,62,125,130,166,514,108,275,373,251,480,477,180,463,543,904,435,870,823,546,436,572,193,754,177,171,369,912,350,196,121,557,652,375,583
Phainopepla,,,1,0,6,5,15,2,10,2,11,4,7,4,11,5,7,3,5,4,5,3,3,9,6,14,2,8,5,9,3,5,12,9,22,23,6,28,29,19,19,14,37,42,26,24,22,17,20,25,25,32,28,29,15,29,8
Orange-crowned Warbler,,,0,0,0,0,0,0,0,0,0,0,0,0,0,0,0,0,0,0,0,0,0,0,0,0,0,0,0,0,0,0,0,0,0,0,0,0,0,0,0,0,0,0,0,0,0,0,0,0,0,0,7,5,20,0,12
Orange-crowned Warbler (lutescens),,,1,0,2,2,4,3,3,1,1,0,0,1,0,0,1,1,0,1,3,1,2,0,0,1,6,4,5,0,1,3,5,2,5,4,3,5,6,5,8,4,6,0,5,2,2,3,2,4,17,11,7,5,20,16,1
Common Yellowthroat,,,0,0,0,0,0,0,0,0,0,0,0,0,0,0,0,0,0,0,0,0,0,0,0,0,0,0,0,0,0,0,0,0,1,1,0,0,0,0,0,0,0,0,0,1,0,0,0,0,1,0,0,0,2,3,1
Yellow-rumped Warbler (Audubon's),Yellow-rumped Warbler,sub,400,328,120,689,554,461,454,415,446,151,403,495,358,327,344,289,637,453,495,822,550,763,931,498,787,672,736,593,352,549,1187,658,834,1269,418,1010,4602,1296,2255,2612,1418,675,3438,4103,1362,1192,1864,1199,1501,1663,1276,1574,2865,1794,1876
Yellow-rumped Warbler (Myrtle),,sub,20,22,10,44,156,41,66,38,24,3,2,0,7,9,19,11,9,29,18,30,79,31,99,44,56,43,30,39,5,29,41,42,34,23,9,71,21,17,69,73,114,35,120,45,40,31,33,30,57,43,20,12,37,10,18
Yellow-rumped Warbler (Audubon's x Myrtle),Yellow-rumped Warbler (Myrtle x Audubon's),hybrid,0,0,0,0,0,0,0,0,0,0,0,0,0,0,0,0,0,0,0,0,0,0,0,0,0,0,0,0,0,0,0,0,0,0,0,0,0,0,0,0,0,0,0,0,0,0,0,0,0,0,0,0,0,0,1
Black-throated Gray Warbler,,,0,0,0,1,0,0,1,0,0,1,0,0,0,0,1,0,0,0,0,0,0,0,0,0,0,0,0,0,0,0,1,0,0,0,0,0,1,0,0,0,1,1,1,1,1,1,0,0,0,0,0,0,1,0,1
Townsend's Warbler,,,0,0,0,0,0,0,0,0,0,0,0,0,0,0,0,0,0,0,1,0,0,0,0,1,0,0,0,1,0,0,0,1,2,0,0,0,0,0,1,0,0,1,3,3,1,1,0,0,0,1,0,1,1,0,0
Wilson's Warbler,,,0,0,0,0,0,0,0,0,0,0,0,0,0,0,0,0,0,0,0,0,0,0,0,0,0,0,0,1,0,0,0,1,0,0,0,0,0,0,0,0,0,0,0,0,0,0,0,0,0,0,0,0,0,0,0
warbler sp. (Parulidae sp.),,sp,0,0,0,0,0,0,0,0,0,0,1,0,0,0,0,1,0,3,0,0,0,0,0,0,0,0,0,0,0,0,0,0,0,0,0,0,0,0,0,0,0,0,0,0,0,0,0,0,0,0,0,0,0,0,0
Grasshopper Sparrow,,,0,0,0,0,0,0,0,0,0,0,0,0,0,0,0,0,0,0,0,0,0,0,0,0,0,0,0,0,0,0,0,0,0,0,0,0,0,0,0,0,0,1,0,0,0,0,0,0,0,0,0,0,0,0,0
Chipping Sparrow,,,0,0,1,4,2,10,8,0,26,0,0,0,0,0,8,75,0,71,11,17,4,0,7,4,60,15,9,18,68,25,21,17,10,29,0,15,4,4,40,4,5,2,18,1,31,5,7,15,5,40,22,10,1,9,6
Clay-colored Sparrow,,,0,0,0,0,0,0,0,0,0,0,0,0,0,0,0,0,0,0,0,0,0,0,0,0,0,0,0,0,0,0,0,0,1,0,0,1,0,0,0,0,0,0,0,0,0,0,0,1,0,0,0,0,0,0,0
Black-throated Sparrow,,,0,0,0,0,0,0,0,0,0,0,0,0,0,0,0,0,0,0,0,0,0,0,0,0,0,0,0,0,0,0,0,0,0,0,0,0,0,0,0,0,0,0,0,0,0,0,0,0,0,1,0,0,1,0,0
Lark Sparrow,,,1100,557,230,645,699,254,259,328,326,650,231,516,254,676,501,510,423,204,401,62,61,100,210,208,268,283,160,105,94,120,338,147,139,164,245,341,478,285,628,512,537,150,121,460,240,457,166,201,273,330,366,460,319,494,192
Lark Bunting,,,1,0,0,0,0,0,0,0,0,0,0,0,0,0,0,0,0,0,0,0,0,0,0,0,0,0,0,0,0,0,0,0,0,0,0,0,0,0,0,0,0,0,0,0,0,0,0,0,0,0,0,0,0,0,0
Fox Sparrow,,,0,0,0,0,0,0,0,0,0,0,0,0,0,0,0,0,0,0,0,0,0,0,0,0,0,0,0,0,0,0,0,0,0,0,0,0,0,0,0,0,0,0,0,0,0,0,0,0,0,0,42,126,56,0,24
Fox Sparrow (Sooty),,sub,35,9,10,30,58,48,48,15,32,53,4,6,59,30,19,68,41,23,18,94,23,147,112,53,67,11,16,136,52,101,124,91,52,51,41,108,147,96,39,50,105,102,135,51,100,34,120,60,74,58,35,125,56,45,0
Fox Sparrow (Thick-billed),,sub,0,0,0,0,0,0,0,0,0,0,0,0,0,0,0,0,0,0,0,0,0,0,0,0,0,0,0,0,0,0,0,0,0,0,0,0,0,0,0,0,0,0,1,0,4,8,2,7,0,0,0,0,0,1,0
Fox Sparrow (Slate-colored),,sub,0,0,0,0,0,0,0,0,0,0,0,0,0,0,0,0,0,0,0,0,0,0,0,0,0,0,0,0,0,0,0,0,0,0,0,0,0,0,1,0,0,1,3,0,0,0,0,0,0,0,1,1,0,1,0
Fox Sparrow (Red),,sub,0,0,0,0,0,0,0,0,0,0,0,0,0,0,0,0,0,0,0,0,0,0,0,0,0,0,0,0,0,0,0,0,1,0,0,0,0,1,1,0,0,1,0,1,0,0,1,0,0,0,0,0,0,0,0
Dark-eyed Junco (Slate-colored),,sub,7,2,6,12,6,0,0,3,2,0,2,2,1,7,4,3,2,1,0,1,0,0,5,0,0,0,2,2,0,1,2,0,0,1,0,0,1,1,0,7,1,0,1,0,6,3,0,2,2,3,0,2,1,0,0
Dark-eyed Junco (Oregon),Dark-eyed Junco,sub,860,1464,404,1456,1975,1127,1950,1184,1519,1167,1653,991,1918,2341,1714,1445,1673,1194,1174,989,1109,2060,1529,1135,1085,1230,1133,1980,1253,1091,1645,697,946,1538,1082,1391,1941,1945,1053,1297,1154,1760,1108,1798,1753,871,1092,1187,826,812,1010,1071,1023,897,1261
Dark-eyed Junco (Pink-sided),,sub,0,0,0,0,0,0,0,0,0,0,0,0,0,0,0,0,0,0,0,0,0,0,0,0,0,0,0,0,0,0,1,0,0,0,0,0,0,1,1,0,0,0,0,0,0,0,0,0,0,0,0,0,0,0,0
Golden-crowned Sparrow,,,470,929,350,821,1100,866,1197,395,947,1000,544,520,693,825,667,1004,711,783,725,1134,887,939,1042,786,917,596,803,997,658,481,712,598,753,1276,1225,1332,1562,1236,954,933,1307,965,1444,1703,1521,1168,1754,1104,1142,1602,1056,1575,1165,642,886
White-crowned Sparrow,,,1900,1796,125,977,1444,894,1449,2436,1460,1785,797,775,603,805,815,1020,860,1072,1099,1333,1476,977,1013,947,1866,786,1005,982,494,294,673,455,465,627,891,1119,1548,1307,1372,1331,956,740,1453,1056,1751,945,997,1064,2053,3011,1902,2924,2594,2868,2269
White-crowned Sparrow (Gambel's),,,0,0,0,0,0,0,0,0,0,0,0,0,0,0,0,0,0,0,0,0,0,0,0,0,0,0,0,0,0,0,0,0,0,0,0,0,0,0,0,0,0,0,0,0,0,0,0,0,0,0,0,0,0,0,0
White-crowned Sparrow (pugetensis),,,0,0,0,0,0,0,0,0,0,0,0,0,0,0,0,0,0,0,0,0,0,0,0,0,0,0,0,0,0,0,0,0,0,0,0,0,0,0,0,0,0,0,0,0,0,0,0,0,0,0,0,0,0,0,0
White-crowned x Golden-crowned Sparrow (hybrid),,hybrid,0,0,0,0,0,0,1,0,0,0,0,0,0,0,0,0,0,0,0,0,0,0,0,0,0,0,0,0,0,0,0,0,0,0,0,0,0,0,0,0,0,0,0,0,0,0,0,0,0,0,0,0,0,0,0
Harris's Sparrow,,,1,0,4,0,0,0,0,0,0,0,0,0,0,0,0,0,0,0,0,0,0,0,1,0,0,0,0,0,0,0,0,0,0,0,0,0,0,0,0,0,0,0,0,0,0,0,0,0,0,0,0,0,0,0,0
White-throated Sparrow,,,1,1,2,1,6,7,2,9,1,2,0,3,0,0,0,2,3,1,2,3,0,2,3,0,2,1,1,6,1,1,1,3,2,0,3,3,2,3,1,0,5,5,10,8,5,4,2,3,1,7,4,20,11,2,7
Bell's Sparrow,,,0,0,12,5,7,0,13,0,5,19,7,13,36,15,4,0,1,0,0,4,5,0,0,8,3,0,2,5,6,3,11,0,1,1,0,5,0,4,0,0,0,0,0,0,2,3,0,0,6,0,0,0,5,1,0
Vesper Sparrow,,,15,11,0,12,17,4,4,8,0,20,0,3,0,0,6,3,0,0,20,25,5,0,5,6,12,3,16,0,1,1,11,25,25,20,1,22,5,12,4,0,10,4,1,0,1,2,0,0,1,2,1,6,0,0,0
Savannah Sparrow,,,210,242,93,345,1047,533,506,155,264,386,111,157,294,368,65,141,140,105,150,465,624,110,437,389,299,175,176,290,167,124,269,171,300,164,290,537,305,305,459,212,523,114,501,180,337,338,271,120,648,345,243,425,440,360,188
Savannah Sparrow (Savannah),,,0,0,0,0,0,0,0,0,0,0,0,0,0,0,0,0,0,0,0,0,0,0,0,0,0,0,0,0,0,0,0,0,0,0,0,0,0,0,0,0,0,0,0,0,0,0,0,0,0,0,0,0,0,0,40
Song Sparrow,,,7,13,33,70,113,56,78,96,36,25,32,29,45,33,38,67,22,44,65,54,44,73,148,61,52,29,28,62,11,13,129,57,31,43,32,67,87,44,68,77,68,58,98,87,77,22,55,46,73,62,99,85,98,63,86
Lincoln's Sparrow,,,9,7,23,9,47,17,22,26,15,30,4,11,19,17,5,13,1,8,13,8,23,13,22,21,39,36,42,30,11,12,31,14,29,45,69,87,104,38,43,39,34,18,34,37,56,16,42,33,106,70,62,94,83,85,76
Swamp Sparrow,,,0,0,0,0,0,0,0,0,0,0,0,0,0,0,0,0,0,0,1,0,1,0,0,0,0,0,0,0,0,0,0,0,0,0,0,0,0,0,0,0,0,0,0,0,0,0,0,0,0,0,0,0,0,0,1
California Towhee,,,83,113,41,141,185,208,158,140,205,235,235,218,280,182,179,123,172,154,124,118,126,225,235,116,175,226,163,175,132,114,279,160,131,170,74,192,185,168,111,109,172,205,129,146,107,64,124,158,106,137,121,156,180,153,166
Rufous-crowned Sparrow,,,0,19,7,1,7,16,0,0,9,13,22,20,30,46,10,1,13,1,5,4,6,22,16,30,2,7,28,27,10,12,27,17,3,12,1,13,1,2,9,2,12,10,9,7,0,3,45,37,17,21,5,13,26,35,36
Spotted Towhee,,,270,268,160,176,209,282,370,145,162,224,197,183,259,141,192,308,214,275,225,135,160,307,348,155,284,167,195,305,194,125,316,215,240,191,186,408,296,382,291,207,356,279,279,413,339,190,288,276,257,257,312,454,239,246,236
sparrow sp.,,,0,0,0,0,0,0,0,66,2,21,5,4,3,0,68,2,0,10,40,30,1,10,1,20,0,43,0,15,59,56,60,5,8,41,8,27,26,90,84,52,30,80,58,23,30,60,28,0,9,0,0,0,0,0,0
Zonotrichia sp.,,,0,0,0,0,0,0,0,0,0,0,0,0,0,0,0,0,0,0,0,0,0,0,0,0,0,0,0,0,0,0,0,0,0,0,0,0,0,0,0,0,0,0,0,0,0,0,0,0,0,0,0,0,0,0,33
Western Tanager,,,0,0,2,0,0,0,0,0,0,0,0,0,0,0,0,0,0,0,0,0,0,0,0,0,0,0,0,0,0,1,0,0,1,4,0,5,0,1,0,2,0,0,0,1,0,1,0,1,4,1,4,1,10,2,1
Red-winged Blackbird,,,420,531,18,173,19,27,42,1,10,4,470,551,456,2387,630,114,104,243,111,410,51,250,289,1596,143,863,551,142,362,76,355,664,90,117,1062,467,268,660,1238,1417,191,263,448,1203,808,606,203,154,279,499,563,361,713,1047,622
Red-winged Blackbird (California Bicolored),,,0,0,0,0,0,0,0,0,0,0,0,0,0,0,0,0,0,0,0,0,0,0,0,0,0,0,0,0,0,0,0,0,0,0,0,0,0,0,0,0,0,0,0,0,0,0,0,0,0,0,0,0,0,0,33
Tricolored Blackbird,,,2,3,1,2,0,0,0,0,0,0,0,0,1,0,0,0,0,0,0,0,0,0,0,2,89,2,0,0,0,0,0,0,0,0,0,0,0,1,3,0,0,6,0,40,16,10,0,5,0,0,1,0,0,0,20
Western Meadowlark,,,3600,1057,970,1575,1800,643,629,1050,1204,1269,1059,948,1040,2743,1337,882,2323,452,899,1091,581,552,760,1016,975,1054,622,791,560,485,918,458,623,993,1039,844,886,852,596,797,582,444,487,414,669,274,723,607,658,782,570,908,829,1259,1000
Brewer's Blackbird,,,5000,1280,1190,2692,9484,1935,3263,3345,1609,2445,2167,2064,2222,2949,3503,2420,6816,4349,1469,1586,3407,1435,2472,3865,854,1105,1270,869,736,812,1737,845,823,980,2415,1175,1461,1856,2157,1914,855,1367,1717,1414,1701,1199,889,2229,658,370,954,591,1586,1182,891
Great-tailed Grackle,,,0,0,0,0,0,0,0,0,0,0,0,0,0,0,0,0,0,0,0,0,0,0,0,0,0,0,0,0,0,0,0,0,0,0,0,0,0,0,0,1,0,0,0,0,0,0,0,0,1,0,0,0,0,0,0
Brown-headed Cowbird,,,11,3,3,2,0,0,4,4,1,221,0,0,4,12,13,0,2,0,7,36,0,0,0,7,7,4,30,2,2,40,5,0,9,0,16,14,0,10,53,13,33,0,2,5,11,50,25,12,87,3,2,169,36,4,8
blackbird sp.,,,0,0,0,0,0,0,0,0,0,0,0,0,0,0,0,0,0,0,0,0,0,32500,67,109,1219,113,619,138,645,165,665,168,370,177,284,279,1180,600,20,1280,360,861,0,178,168,309,150,12,235,0,0,0,0,0,805
House Finch,,,310,400,440,505,1346,323,1227,644,661,1183,341,548,425,437,986,1066,5470,851,500,791,574,235,438,470,973,369,589,390,363,258,239,178,420,401,182,637,693,305,884,480,878,538,452,1308,589,450,371,569,1034,842,868,863,878,1193,823
Purple Finch,,,3,16,31,32,42,23,58,8,37,98,0,89,67,119,59,228,349,11,42,33,53,107,70,49,25,31,13,23,32,26,67,29,38,15,2,95,56,12,12,1,82,33,41,57,110,12,49,75,106,80,8,32,60,61,31
Cassin's Finch,,,0,0,0,0,0,0,0,0,0,0,0,0,0,0,0,0,0,0,0,0,0,0,0,0,0,0,0,2,0,0,0,0,0,0,0,0,4,0,0,0,0,0,0,0,0,0,0,0,0,0,0,0,0,0,0
Red Crossbill,,,0,0,0,0,0,0,0,0,0,0,0,0,0,1,0,0,0,0,0,0,0,0,0,0,0,6,0,0,0,0,0,0,0,0,0,0,0,0,0,0,0,0,0,0,0,0,0,0,0,0,0,0,0,0,0
Pine Siskin,,,0,37,220,1,46,0,306,42,2,14,43,1,32,94,0,225,114,8,43,6,2,274,0,65,12,1,0,1,0,1,30,0,0,17,0,0,19,134,0,4,2,209,3,292,465,0,53,0,29,357,62,3,144,1,5
Lesser Goldfinch,,,320,1479,780,1129,2047,771,1513,77,1884,1564,2148,1388,2218,2105,1818,1198,2044,695,666,900,779,1269,271,704,321,1755,1921,1353,566,649,539,485,725,1091,620,689,670,571,421,461,1169,1143,594,981,1236,296,695,251,690,672,718,753,329,901,392
Lawrence's Goldfinch,,,0,2,0,0,0,0,2,0,0,0,0,0,1,0,0,0,0,0,0,0,0,0,0,1,0,3,2,0,0,0,0,0,0,0,0,0,0,0,0,0,0,0,0,0,0,0,0,0,0,0,0,0,0,0,0
American Goldfinch,,,400,244,340,249,185,234,197,163,66,236,330,277,193,201,312,386,403,137,352,419,470,613,738,708,351,770,263,235,220,173,336,124,135,282,252,324,476,198,402,310,358,100,205,387,332,106,93,153,238,154,63,103,168,96,76
goldfinch sp.,,,0,0,0,0,0,0,0,0,0,0,0,0,0,0,0,0,0,0,0,0,0,0,0,0,0,35,63,25,31,0,14,0,0,3,0,2,60,3,0,30,0,0,4,0,12,0,0,0,3,0,0,0,0,0,0
finch sp.,,,0,0,0,0,0,0,0,0,0,0,0,0,0,0,0,0,0,0,0,0,0,0,0,0,0,0,0,0,0,0,0,0,0,0,0,0,0,0,0,0,0,0,0,0,0,0,0,0,0,0,0,0,0,0,30
Evening Grosbeak,,,0,0,0,0,0,0,0,0,0,0,0,0,0,0,0,0,0,0,0,0,0,0,0,0,0,0,0,0,0,0,0,0,0,0,0,0,0,0,0,1,0,0,0,0,0,0,0,0,0,0,0,0,0,0,0
House Sparrow,,,76,81,80,312,256,218,162,100,258,150,64,96,81,98,116,152,190,68,241,108,174,206,152,143,150,69,30,90,44,101,86,53,135,123,54,131,152,153,130,76,101,101,152,216,242,67,51,63,180,254,230,135,200,149,195
Cassin's Kingbird,,,0,0,0,0,0,0,0,0,0,0,0,0,0,0,0,0,0,0,0,0,0,0,0,0,0,0,0,0,0,0,0,0,0,0,0,0,0,0,0,0,0,0,0,0,0,0,0,0,0,0,0,0,0,1,0
Glaucous-winged Gull,,,0,0,0,0,0,0,0,0,0,0,0,0,0,0,0,0,0,0,0,0,0,0,0,0,0,0,0,0,0,0,0,0,0,0,0,0,0,0,0,0,0,0,0,0,0,0,0,0,0,0,2,0,0,0,0
Hammondâ€™s Flycatcher,,,0,0,0,0,0,0,0,0,0,0,0,0,0,0,0,0,0,0,0,0,0,0,0,0,0,0,0,0,0,0,0,0,0,0,0,0,0,0,0,0,0,0,0,0,0,0,0,0,0,0,0,0,0,0,1
Indian Peafowl (Domestic type),,,0,0,0,0,0,0,0,0,0,0,0,0,0,0,0,0,0,0,0,0,0,0,0,0,0,0,0,0,0,0,0,0,0,0,0,0,0,0,0,0,0,0,0,0,0,0,0,0,0,0,0,0,0,0,2
Horned/Eared Grebe,,,0,0,0,0,0,0,0,0,0,0,0,0,0,0,0,0,0,0,0,0,0,0,0,0,0,0,0,0,0,0,0,0,0,0,0,0,0,0,0,0,0,0,0,0,0,0,0,0,0,0,0,0,0,7,0
African Collared Dove,,,0,0,0,0,0,0,0,0,0,0,0,0,0,0,0,0,0,0,0,0,0,0,0,0,0,0,0,0,0,0,0,0,0,0,0,0,0,0,0,0,0,0,0,0,0,0,0,0,0,0,0,0,1,0,0
